,coef,t_stat,n_months
full,0.050756,1.199885,218.0
IG,0.063533,2.574581,218.0
HY,-0.041558,-0.415788,218.0
