,coef,t_stat
const,-0.000302,-1.934302
MKT,0.191901,3.599182
CRD,0.555457,14.584472
TERM,-0.456278,-7.168449
