,coef,t_stat,n_months
full,0.053901,1.17095,217.0
IG,0.064838,2.286062,217.0
HY,-0.027258,-0.259976,217.0
