,coef,t_stat
const,-0.00039,-2.082097
MKT,0.206382,3.707807
CRD,0.561385,16.172275
TERM,-0.480103,-8.938279
